Ref,Val,Package,PosX,PosY,Rot,Side
"C1","100n","C_0402_1005Metric",151.150000,-94.100000,90.000000,top
"C2","100n","C_0402_1005Metric",159.380000,-98.650000,180.000000,top
"C3","100n","C_0402_1005Metric",162.550000,-90.550000,-90.000000,top
"C4","100n","C_0402_1005Metric",154.200000,-87.300000,0.000000,top
"C5","100n","C_0402_1005Metric",152.050000,-89.200000,180.000000,top
"C6","10u","C_0805_2012Metric",172.950000,-101.300000,-90.000000,top
"C7","15p","C_0402_1005Metric",148.250000,-89.800000,-90.000000,top
"C8","15p","C_0402_1005Metric",148.250000,-93.250000,-90.000000,top
"C9","100n","C_0402_1005Metric",163.670000,-82.100000,180.000000,top
"C10","100n","C_0402_1005Metric",175.600000,-83.000000,-90.000000,top
"C16","1u","C_0805_2012Metric_Pad1.18x1.45mm_HandSolder",172.950000,-97.450000,90.000000,top
"C17","1u","C_0805_2012Metric_Pad1.18x1.45mm_HandSolder",159.550000,-100.350000,180.000000,top
"C18","100n","C_0402_1005Metric",142.500000,-102.850000,-90.000000,top
"D2","GREEN1","LED_0603_1608Metric",176.187500,-100.400000,180.000000,top
"J1","USB_B_Micro","USB_Micro-B_Molex-105017-0001",177.700000,-91.700000,90.000000,top
"J2","Conn_01x04_Pin","PinHeader_1x04_P2.54mm_Vertical",157.550000,-70.400000,-90.000000,top
"J4","Conn_01x04_Pin","PinHeader_1x04_P2.54mm_Vertical",169.900000,-70.350000,-90.000000,top
"J5","1760510000","CONN2_1760510000_WED",156.435100,-110.850000,180.000000,top
"J6","1760510000","CONN2_1760510000_WED",169.780000,-110.750000,180.000000,top
"R1","10k","R_0603_1608Metric",158.950000,-81.300000,-90.000000,top
"R2","1k5","R_0603_1608Metric",167.300000,-90.650000,-90.000000,top
"R3","10k","R_0603_1608Metric",163.075000,-88.850000,0.000000,top
"R4","1k5","R_0603_1608Metric",175.575000,-102.300000,180.000000,top
"SW1","SW_Nidec_CAS-120A1","SW_EG1271A",163.050000,-76.750000,180.000000,top
"SW2","SW_Push","SW_PUSH_6mm",152.450000,-81.350000,180.000000,top
"U1","STM32F103C8T6","LQFP-48_7x7mm_P0.5mm",156.837500,-93.000000,0.000000,top
"U2","TXS0108EPW","TSSOP-20_4.4x6.5mm_P0.65mm",168.600000,-85.500000,0.000000,top
"U3","AMS1117-3.3","SOT-223-3_TabPin2",167.300000,-100.350000,180.000000,top
"U4","MAX6675ISA_","SOIC127P600X175-8N",147.400000,-100.350000,0.000000,top
"Y1","ATS08A-E (8MHz)","ATS08A-E",144.450000,-90.300000,-90.000000,top
