"Id";"Designator";"Footprint";"Quantity";"Designation";"Supplier and ref";
1;"R4,R2";"R_0603_1608Metric";2;"1k5";;;
2;"R3,R1";"R_0603_1608Metric";2;"10k";;;
3;"U4";"SOIC127P600X175-8N";1;"MAX6675ISA_";;;
4;"J3,J5";"CUI_TB001-500-02BE";2;"CUI_TB001-500-02BE";;;
5;"H1,H2,H3,H4";"MountingHole_3.2mm_M3_DIN965_Pad";4;"GND";;;
6;"SW1";"SW_EG1271A";1;"SW_Nidec_CAS-120A1";;;
7;"SW2";"SW_PUSH_6mm";1;"SW_Push";;;
8;"TP4";"TestPoint_THTPad_1.0x1.0mm_Drill0.5mm";1;"Thermo_SO";;;
9;"TP3";"TestPoint_THTPad_1.0x1.0mm_Drill0.5mm";1;"Thermo_SCK";;;
10;"TP2";"TestPoint_THTPad_1.0x1.0mm_Drill0.5mm";1;"Thermo_CS";;;
11;"TP8,TP10,TP11,TP9,TP12,TP1,TP7";"TestPoint_THTPad_1.0x1.0mm_Drill0.5mm";7;"VBUS";;;
12;"J1";"USB_Micro-B_Molex-105017-0001";1;"USB_B_Micro";;;
13;"J4,J2";"PinHeader_1x04_P2.54mm_Vertical";2;"Conn_01x04_Pin";;;
14;"C18,C10,C9,C5,C4,C3,C2,C1";"C_0402_1005Metric";8;"100n";;;
15;"C8,C7";"C_0402_1005Metric";2;"15p";;;
16;"C6";"C_0805_2012Metric";1;"10u";;;
17;"Y1";"ATS08A-E";1;"ATS08A-E (8MHz)";;;
18;"U2";"TSSOP-20_4.4x6.5mm_P0.65mm";1;"TXS0108EPW";;;
19;"TP5";"TestPoint_THTPad_1.0x1.0mm_Drill0.5mm";1;"USART1_RX_v2";;;
20;"D2";"LED_0603_1608Metric";1;"GREEN1";;;
21;"TP6";"TestPoint_THTPad_1.0x1.0mm_Drill0.5mm";1;"USART1_TX_v2";;;
22;"C16,C17";"C_0805_2012Metric_Pad1.18x1.45mm_HandSolder";2;"1u";;;
23;"U3";"SOT-223-3_TabPin2";1;"AMS1117-3.3";;;
24;"U1";"LQFP-48_7x7mm_P0.5mm";1;"STM32F103C8T6";;;
