Source:,C:\Users\15129\Desktop\Reflow Oven\Reflow Oven Kicad\Reflow Project Kicad.kicad_sch,,,,,,
Date:,2/3/2025 18:29,,,,,,
Tool:,Eeschema 7.0.10,,,,,,
Generator:,C:\Program Files\KiCad\7.0\bin\scripting\plugins/bom_csv_grouped_by_value_with_fp.py,,,,,,
Component Count:,50,,,,,,
Ref,Qnty,Value,Cmp name,Footprint,Description,Vendor,DNP
"C1, C2, C3, C4, C5, C9, C10, C18",8,100n,C,Capacitor_SMD:C_0402_1005Metric,Unpolarized capacitor,,
C6,1,10u,C,Capacitor_SMD:C_0805_2012Metric,Unpolarized capacitor,,
"C7, C8",2,15p,C,Capacitor_SMD:C_0402_1005Metric,Unpolarized capacitor,,
"C16, C17",2,1u,C,Capacitor_SMD:C_0805_2012Metric_Pad1.18x1.45mm_HandSolder,Unpolarized capacitor,,
D1,1,GREEN,LED,LED_SMD:LED_0603_1608Metric,Light emitting diode,,
D2,1,RED,LED,LED_SMD:LED_0603_1608Metric,Light emitting diode,,
"H1, H2, H3, H4",4,GND,MountingHole,MountingHole:MountingHole_3.2mm_M3_DIN965_Pad,Mounting Hole without connection,,
J1,1,USB_B_Micro,USB_B_Micro,Connector_USB:USB_Micro-B_Molex-105017-0001,USB Micro Type B connector,,
"J2, J4",2,Conn_01x04_Pin,Conn_01x04_Pin,Connector_PinHeader_2.54mm:PinHeader_1x04_P2.54mm_Vertical,"Generic connector, single row, 01x04, script generated",,
"J5, J6",2,1760510000,1760510000,CONN2_1760510000_WED,,,
"R1, R3",2,10k,R,Resistor_SMD:R_0603_1608Metric,Resistor,,
"R2, R4, R5",3,1k5,R,Resistor_SMD:R_0603_1608Metric,Resistor,,
SW1,1,SW_Nidec_CAS-120A1,SW_Nidec_CAS-120A1,EG1271A:SW_EG1271A,"Switch, single pole double throw",,
SW2,1,SW_Push,SW_Push,Button_Switch_THT:SW_PUSH_6mm,"Push button switch, generic, two pins",,
"TP1, TP7, TP8, TP9, TP10, TP11, TP12",7,VBUS,TestPoint,TestPoint:TestPoint_THTPad_1.0x1.0mm_Drill0.5mm,test point,,
TP2,1,Thermo_CS,TestPoint,TestPoint:TestPoint_THTPad_1.0x1.0mm_Drill0.5mm,test point,,
TP3,1,Thermo_SCK,TestPoint,TestPoint:TestPoint_THTPad_1.0x1.0mm_Drill0.5mm,test point,,
TP4,1,Thermo_SO,TestPoint,TestPoint:TestPoint_THTPad_1.0x1.0mm_Drill0.5mm,test point,,
TP5,1,USART1_RX_v2,TestPoint,TestPoint:TestPoint_THTPad_1.0x1.0mm_Drill0.5mm,test point,,
TP6,1,USART1_TX_v2,TestPoint,TestPoint:TestPoint_THTPad_1.0x1.0mm_Drill0.5mm,test point,,
TP13,1,USART1_TX,TestPoint,TestPoint:TestPoint_THTPad_1.0x1.0mm_Drill0.5mm,test point,,
TP14,1,USART1_RX,TestPoint,TestPoint:TestPoint_THTPad_1.0x1.0mm_Drill0.5mm,test point,,
U1,1,STM32F103C8T6,STM32F103C8Tx,Package_QFP:LQFP-48_7x7mm_P0.5mm,"STMicroelectronics Arm Cortex-M3 MCU, 64KB flash, 20KB RAM, 72 MHz, 2.0-3.6V, 37 GPIO, LQFP48",,
U2,1,TXS0108EPW,TXS0108EPW,Package_SO:TSSOP-20_4.4x6.5mm_P0.65mm,"Bidirectional  level-shifting voltage translator, TSSOP-20",,
U3,1,AMS1117-3.3,AMS1117-3.3,Package_TO_SOT_SMD:SOT-223-3_TabPin2,"1A Low Dropout regulator, positive, 3.3V fixed output, SOT-223",,
U4,1,MAX6675ISA_,MAX6675ISA_,MAX6675ISA_T (5):SOIC127P600X175-8N,,,
Y1,1,ATS08A-E (8MHz),ATS08A-E,ATS08A_E (1):ATS08A-E,,,
